{"_runtime":13.271563001,"_step":10,"train_loss":0.44137945771217346,"n_train_steps":11,"acc":0,"lr":4.000012453093111e-06,"_wandb":{"runtime":13},"_timestamp":1.7351419930064225e+09}