{"valid_acc":1,"lr":4.000045386887854e-06,"_wandb":{"runtime":27},"train_loss":1.5864847898483276,"_timestamp":1.7351421791163125e+09,"n_eval_steps":11,"_step":31,"_runtime":26.756052629,"acc":0,"valid_loss":0.2290996015071869,"n_train_steps":21}