{"_timestamp":1.7351420793223238e+09,"_runtime":13.066477456,"_step":10,"train_loss":0.7960317730903625,"_wandb":{"runtime":13},"n_train_steps":11,"acc":0,"lr":4.000012453093111e-06}