{"_wandb":{"runtime":13},"train_loss":0.6900516748428345,"n_train_steps":11,"acc":0,"lr":4.000012453093111e-06,"_timestamp":1.7351418149948406e+09,"_runtime":13.608593447,"_step":10}