{"train_loss":0.6241494417190552,"n_train_steps":11,"acc":0,"lr":4.000012453093111e-06,"_timestamp":1.7351420347026472e+09,"_runtime":13.965430033,"_wandb":{"runtime":14},"_step":10}