{"lr":4.000000437789239e-06,"_timestamp":1.735141511420683e+09,"_runtime":4.984613303,"_step":10,"_wandb":{"runtime":5},"train_loss":0.2392253577709198,"train_acc":0,"n_train_steps":11}