{"_step":1,"train_loss":0.8887843489646912,"n_train_steps":2,"acc":0.28125,"lr":4.000422002295497e-06,"_timestamp":1.7351416941764362e+09,"_wandb":{"runtime":48},"_runtime":37.819027842}