{"n_train_steps":11,"acc":0,"lr":4.000012453093111e-06,"_timestamp":1.7351419159366703e+09,"_wandb":{"runtime":12},"_runtime":12.776611087,"_step":10,"train_loss":0.4969402551651001}